<?xml version="1.0" encoding="UTF-8"?>
<GameSettings>
    <Graphics>
        <Quality>Low</Quality>
        <MaxFPS>120</MaxFPS>
        <AntiAliasing>False</AntiAliasing>
        <Shadows>False</Shadows>
        <DepthOfField>False</DepthOfField>
        <Bloom>False</Bloom>
        <MotionBlur>False</MotionBlur>
        <RealTimeShadows>False</RealTimeShadows>
    </Graphics>

    <Performance>
        <GPUBoost>True</GPUBoost>
        <CPUPriority>High</CPUPriority>
        <RenderOptimization>True</RenderOptimization>
        <ThermalThrottling>Disabled</ThermalThrottling>
        <BatterySaver>False</BatterySaver>
        <RAMUsage>Optimized</RAMUsage>
        <BackgroundApps>Minimal</BackgroundApps>
    </Performance>

    <Network>
        <LowLatencyMode>True</LowLatencyMode>
        <DataOptimization>True</DataOptimization>
        <PingStabilizer>Enabled</PingStabilizer>
        <ServerSync>High</ServerSync>
    </Network>

    <AdvancedSettings>
        <AutoSprint>Enabled</AutoSprint>
        <AimAssist>True</AimAssist>
        <GyroSensitivity>180</GyroSensitivity>
        <RecoilControl>True</RecoilControl>
    </AdvancedSettings>
</GameSettings>