{
  "general": {
    "enable_bullet_tracking": true,
    "bullet_tracking_speed": 5200.0,
    "bullet_tracking_distance": 500
  },
  "bullet_tracking_algorithm": {
    "function": "bullet_tracking_example_function",
    "parameters": {
      "target_area": "head",
      "sensitivity": 0.99,
      "smoothness": 0.9
    }
  },
  "target_selection": {
    "function": "auto_target_selection_function",
    "parameters": {
      "priority": ["head", "body", "chest"],
      "range": 500
  } 
  "bullettracking"
  {
  "bullet_bullet_tracking_distance": {
    "5.56": {
      "bullet_tracking_speed": 9999,
      "bullet_tracking_distance": 520,
      "bullet_tracking_head": 9999
    },
    "7.62": {
      "bullet_tracking_speed": 9999,
      "bullet_tracking_distance": 520,
      "bullet_tracking_head": 9999
    },
    "9mm"：{
      "bullet_tracking_speed": 9999,
      "bullet_tracking_distance": 520,
      "bullet_tracking_head": 9999
    },
    ".45caliber"：{
      "bullet_tracking_speed": 9999,
      "bullet_tracking_distance": 520,
      "bullet_tracking_head": 9999
    },
    "12caliber"：{
      "bullet_tracking_speed": 9999,
      "bullet_tracking_distance": 520,
      "bullet_tracking_head": 9999        
    }
  },
  "execution": {
    "loop": true
  }
},
    
   
  