<?xml version="1.0" encoding="utf-8"?>
<config>
  <pingOptimizer>
    <game>Call Of Duty Mobile</game>
    <optimize>true</optimize>
    <pingThreshold>50</pingThreshold>
    <serverList>
      <server>
        <name>North America</name>
        <ip>192.168.1.1</ip>
      </server>
      <server>
        <name>Europe</name>
        <ip>192.168.1.2</ip>
      </server>
      <server>
        <name>Asia</name>
        <ip>192.168.1.3</ip>
      </server>
    </serverList>
  </pingOptimizer>
</config>