{
  "__components__": {
    "en": "__components__",
    "zh": ""
  },
  "__intrinsic__": {
    "en": "__intrinsic__",
    "zh": ""
  },
  "Alignment": {
    "en": "Alignment",
    "zh": ""
  },
  "Animated": {
    "en": "Animated",
    "zh": ""
  },
  "Animation": {
    "en": "Animation",
    "zh": "动画"
  },
  "Animation Destruction": {
    "en": "Animation Destruction",
    "zh": ""
  },
  "Attractor": {
    "en": "Attractor",
    "zh": ""
  },
  "Audio": {
    "en": "Audio",
    "zh": "音效"
  },
  "Background Music": {
    "en": "Background Music",
    "zh": "背景音乐"
  },
  "Bake": {
    "en": "Bake",
    "zh": "烘培"
  },
  "BakeVolume": {
    "en": "BakeVolume",
    "zh": "局部重烘培"
  },
  "Base": {
    "en": "Base",
    "zh": "基本"
  },
  "Batch": {
    "en": "Batch",
    "zh": "批"
  },
  "Bloom": {
    "en": "Bloom",
    "zh": ""
  },
  "Character": {
    "en": "Character",
    "zh": "角色"
  },
  "Chromatic Aberration": {
    "en": "Chromatic Aberration",
    "zh": "色差"
  },
  "ClothCollisionShapeEditor": {
    "en": "ClothCollisionShapeEditor",
    "zh": "布料碰撞形状编辑器"
  },
  "ClothMaterial": {
    "en": "ClothMaterial",
    "zh": "布料材质"
  },
  "Cloud": {
    "en": "Cloud",
    "zh": "云"
  },
  "Cloud GodRay": {
    "en": "Cloud GodRay",
    "zh": ""
  },
  "Cluster": {
    "en": "Cluster",
    "zh": ""
  },
  "Color Grading": {
    "en": "Color Grading",
    "zh": "颜色分级"
  },
  "ColShapeEditor": {
    "en": "ColShapeEditor",
    "zh": "碰撞形状编辑器"
  },
  "CommonConfig": {
    "en": "CommonConfig",
    "zh": "通用设置"
  },
  "Component Mask": {
    "en": "Component Mask",
    "zh": ""
  },
  "Compression": {
    "en": "Compression",
    "zh": "压缩"
  },
  "Constant Float": {
    "en": "Constant Float",
    "zh": "浮点数常量"
  },
  "Constant Vector2": {
    "en": "Constant Vector2",
    "zh": "二维向量常量"
  },
  "Constant Vector3": {
    "en": "Constant Vector3",
    "zh": "三维向量常量"
  },
  "Constant Vector4": {
    "en": "Constant Vector4",
    "zh": "四维向量常量"
  },
  "Constraint": {
    "en": "Constraint",
    "zh": "约束"
  },
  "Coordinate": {
    "en": "Coordinate",
    "zh": "坐标"
  },
  "CSM": {
    "en": "CSM",
    "zh": "动态太阳光阴影 CSM"
  },
  "Culling": {
    "en": "Culling",
    "zh": "剔除"
  },
  "Custom": {
    "en": "Custom",
    "zh": "定制"
  },
  "Customized UV": {
    "en": "Customized UV",
    "zh": "自定义UV"
  },
  "Damage Materail": {
    "en": "Damage Materail",
    "zh": "破碎材质"
  },
  "Daytime": {
    "en": "Daytime",
    "zh": "日间时刻"
  },
  "Debug": {
    "en": "Debug",
    "zh": "调试"
  },
  "Decal": {
    "en": "Decal",
    "zh": "贴花"
  },
  "Deferred": {
    "en": "Deferred",
    "zh": "延迟渲染"
  },
  "Deferred Only": {
    "en": "Deferred Only",
    "zh": "仅延迟渲染"
  },
  "Depth of Field": {
    "en": "Depth of Field",
    "zh": "景深"
  },
  "Destructible": {
    "en": "Destructible",
    "zh": "可破碎"
  },
  "Display": {
    "en": "Display",
    "zh": "展示"
  },
  "DIY": {
    "en": "DIY",
    "zh": "自定义"
  },
  "DockingMark": {
    "en": "DockingMark",
    "zh": "攀爬线标记"
  },
  "Edit": {
    "en": "Edit",
    "zh": "编辑"
  },
  "Editor": {
    "en": "Editor",
    "zh": "编辑器"
  },
  "Effect": {
    "en": "Effect",
    "zh": "效果"
  },
  "Expression Comment": {
    "en": "Expression Comment",
    "zh": "表达式参数"
  },
  "Fog": {
    "en": "Fog",
    "zh": "雾效"
  },
  "Foliage": {
    "en": "Foliage",
    "zh": "植被"
  },
  "Follow": {
    "en": "Follow",
    "zh": "跟随"
  },
  "Forward & Deferred": {
    "en": "Forward & Deferred",
    "zh": "正向渲染 & 延迟渲染"
  },
  "Forward Only": {
    "en": "Forward Only",
    "zh": "仅正向渲染"
  },
  "Fresnel": {
    "en": "Fresnel",
    "zh": ""
  },
  "Frustum": {
    "en": "Frustum",
    "zh": "平截锥体"
  },
  "Function": {
    "en": "Function",
    "zh": "函数"
  },
  "FunctionInput": {
    "en": "FunctionInput",
    "zh": "函数输入"
  },
  "FunctionOutput": {
    "en": "FunctionOutput",
    "zh": "函数输出"
  },
  "FunctionTemplate": {
    "en": "FunctionTemplate",
    "zh": "函数模板"
  },
  "Generation": {
    "en": "Generation",
    "zh": ""
  },
  "God Ray": {
    "en": "God Ray",
    "zh": "天光"
  },
  "HDR": {
    "en": "HDR",
    "zh": "高动态范围成像 HDR"
  },
  "Heightmap": {
    "en": "Heightmap",
    "zh": "高度"
  },
  "HMotionBlur": {
    "en": "HMotionBlur",
    "zh": "动态模糊"
  },
  "Houdini": {
    "en": "Houdini",
    "zh": ""
  },
  "IBL Diffuse": {
    "en": "IBL Diffuse",
    "zh": "IBL 扩散"
  },
  "IBL SH": {
    "en": "IBL SH",
    "zh": ""
  },
  "Impostor": {
    "en": "Impostor",
    "zh": ""
  },
  "Input Resource": {
    "en": "Input Resource",
    "zh": "输入资源"
  },
  "Lens Flare": {
    "en": "Lens Flare",
    "zh": "镜头光斑"
  },
  "Level of Details": {
    "en": "Level of Details",
    "zh": "层详细参数"
  },
  "Light": {
    "en": "Light",
    "zh": "光照"
  },
  "Light Probe": {
    "en": "Light Probe",
    "zh": "光照探针"
  },
  "LOD": {
    "en": "LOD",
    "zh": ""
  },
  "Lod": {
    "en": "Lod",
    "zh": ""
  },
  "Lod Model Info": {
    "en": "Lod Model Info",
    "zh": "LOD模型信息"
  },
  "LodGroupData": {
    "en": "LodGroupData",
    "zh": "LOD组信息"
  },
  "Material": {
    "en": "Material",
    "zh": "材质"
  },
  "Material Properties": {
    "en": "Material Properties",
    "zh": "材质属性"
  },
  "Materials": {
    "en": "Materials",
    "zh": "材质属性"
  },
  "Math Add": {
    "en": "Math Add",
    "zh": "加法"
  },
  "Math Clamp": {
    "en": "Math Clamp",
    "zh": ""
  },
  "Math Cosine": {
    "en": "Math Cosine",
    "zh": "余弦"
  },
  "Math Divide": {
    "en": "Math Divide",
    "zh": "除法"
  },
  "Math If": {
    "en": "Math If",
    "zh": "若"
  },
  "Math LinearInterpolate": {
    "en": "Math LinearInterpolate",
    "zh": "线性插值"
  },
  "Math Max": {
    "en": "Math Max",
    "zh": "最大值"
  },
  "Math Min": {
    "en": "Math Min",
    "zh": "最小值"
  },
  "Math Multiply": {
    "en": "Math Multiply",
    "zh": "乘法"
  },
  "Math Power": {
    "en": "Math Power",
    "zh": "幂次"
  },
  "Math Sine": {
    "en": "Math Sine",
    "zh": "正弦"
  },
  "Math Subtract": {
    "en": "Math Subtract",
    "zh": "减法"
  },
  "Math Tangent": {
    "en": "Math Tangent",
    "zh": "正切"
  },
  "Merge Channel": {
    "en": "Merge Channel",
    "zh": "合并通道"
  },
  "Misc": {
    "en": "Misc",
    "zh": ""
  },
  "ModelPaths": {
    "en": "ModelPaths",
    "zh": "模型路径"
  },
  "Moon": {
    "en": "Moon",
    "zh": "月亮"
  },
  "Move Speed": {
    "en": "Move Speed",
    "zh": "移动速度"
  },
  "MSAA": {
    "en": "MSAA",
    "zh": ""
  },
  "NaviBlock": {
    "en": "NaviBlock",
    "zh": ""
  },
  "Navigate": {
    "en": "Navigate",
    "zh": "寻路"
  },
  "Navigate Map": {
    "en": "Navigate Map",
    "zh": "寻路地图"
  },
  "Nighttime": {
    "en": "Nighttime",
    "zh": "夜间时刻"
  },
  "Occlusion": {
    "en": "Occlusion",
    "zh": "遮挡"
  },
  "Options": {
    "en": "Options",
    "zh": "选项"
  },
  "Others": {
    "en": "Others",
    "zh": "其他"
  },
  "Panner": {
    "en": "Panner",
    "zh": ""
  },
  "Parameter": {
    "en": "Parameter",
    "zh": "参数"
  },
  "Particle": {
    "en": "Particle",
    "zh": "粒子"
  },
  "Physics": {
    "en": "Physics",
    "zh": "物理"
  },
  "Physics Cloth": {
    "en": "Physics Cloth",
    "zh": "物理 布料"
  },
  "Physics Resource": {
    "en": "Physics Resource",
    "zh": "物理 资源"
  },
  "Physics Resource Linked": {
    "en": "Physics Resource Linked",
    "zh": "物理 资源链接"
  },
  "Physics Shape": {
    "en": "Physics Shape",
    "zh": "物理 形状"
  },
  "Physics Tools": {
    "en": "Physics Tools",
    "zh": "物理 工具"
  },
  "Pipeline": {
    "en": "Pipeline",
    "zh": "管线"
  },
  "Placer": {
    "en": "Placer",
    "zh": "放置"
  },
  "PointCloud": {
    "en": "PointCloud",
    "zh": "点云"
  },
  "PostProcess": {
    "en": "PostProcess",
    "zh": "后处理"
  },
  "Pre-defined Shader Constants": {
    "en": "Pre-defined Shader Constants",
    "zh": "预定义着色器常数"
  },
  "Pre-defined Static Bool Parameter": {
    "en": "Pre-defined Static Bool Parameter",
    "zh": "预定义静态布尔参数"
  },
  "Pre-defined Static Parameter": {
    "en": "Pre-defined Static Parameter",
    "zh": "预定义静态参数"
  },
  "Pre-defined Texture Parameters": {
    "en": "Pre-defined Texture Parameters",
    "zh": "预定义贴图参数"
  },
  "Prefab": {
    "en": "Prefab",
    "zh": "预制件"
  },
  "Preview Environment": {
    "en": "Preview Environment",
    "zh": "预览环境"
  },
  "Procedural": {
    "en": "Procedural",
    "zh": ""
  },
  "Process": {
    "en": "Process",
    "zh": "处理"
  },
  "Property": {
    "en": "Property",
    "zh": "属性"
  },
  "Proxy Maker": {
    "en": "Proxy Maker",
    "zh": "代理制作"
  },
  "PSVolume": {
    "en": "PSVolume",
    "zh": ""
  },
  "PVS": {
    "en": "PVS",
    "zh": ""
  },
  "Ragdoll": {
    "en": "Ragdoll",
    "zh": "布娃娃"
  },
  "RB Properties": {
    "en": "RB Properties",
    "zh": "RB 属性"
  },
  "RB Property": {
    "en": "RB Property",
    "zh": "RB 属性"
  },
  "Reflection": {
    "en": "Reflection",
    "zh": "反射"
  },
  "Reflection Probe": {
    "en": "Reflection Probe",
    "zh": "反射探针"
  },
  "Rendering": {
    "en": "Rendering",
    "zh": "渲染"
  },
  "Resources": {
    "en": "Resources",
    "zh": "资源"
  },
  "RigidBody": {
    "en": "RigidBody",
    "zh": "刚体"
  },
  "Roadway": {
    "en": "Roadway",
    "zh": "道路"
  },
  "Rotate": {
    "en": "Rotate",
    "zh": "旋转"
  },
  "Rotator": {
    "en": "Rotator",
    "zh": "旋转体"
  },
  "Scalar Parameter": {
    "en": "Scalar Parameter",
    "zh": "标量参数"
  },
  "Scene": {
    "en": "Scene",
    "zh": "场景"
  },
  "ScriptInterface": {
    "en": "ScriptInterface",
    "zh": "脚本接口"
  },
  "Scrolling": {
    "en": "Scrolling",
    "zh": "卷动"
  },
  "SDF": {
    "en": "SDF",
    "zh": ""
  },
  "SDF0": {
    "en": "SDF0",
    "zh": ""
  },
  "SDF1": {
    "en": "SDF1",
    "zh": ""
  },
  "Semantic Texture": {
    "en": "Semantic Texture",
    "zh": ""
  },
  "Shadow": {
    "en": "Shadow",
    "zh": "阴影"
  },
  "Shape": {
    "en": "Shape",
    "zh": "形状"
  },
  "Shapes": {
    "en": "Shapes",
    "zh": "形状"
  },
  "SHVolume": {
    "en": "SHVolume",
    "zh": ""
  },
  "Skeleton": {
    "en": "Skeleton",
    "zh": "骨骼"
  },
  "Sky Box": {
    "en": "Sky Box",
    "zh": "天空盒"
  },
  "Sky Layer 1": {
    "en": "Sky Layer 1",
    "zh": "天空层 1"
  },
  "Sky Layer 2": {
    "en": "Sky Layer 2",
    "zh": "天空层 2"
  },
  "Sky Layer 3": {
    "en": "Sky Layer 3",
    "zh": "天空层 3"
  },
  "Sky Layer 4": {
    "en": "Sky Layer 4",
    "zh": "天空层 4"
  },
  "Sky Layer 5": {
    "en": "Sky Layer 5",
    "zh": "天空层 5"
  },
  "SmoothStep": {
    "en": "SmoothStep",
    "zh": ""
  },
  "SnowTrail": {
    "en": "SnowTrail",
    "zh": "雪地印迹"
  },
  "SSAO": {
    "en": "SSAO",
    "zh": "屏幕空间环境光遮蔽 SSAO"
  },
  "SSR": {
    "en": "SSR",
    "zh": "屏幕空间反射 SSR"
  },
  "SSS": {
    "en": "SSS",
    "zh": "次表面散射 SSS"
  },
  "Star": {
    "en": "Star",
    "zh": "星星"
  },
  "Static Bool Parameter": {
    "en": "Static Bool Parameter",
    "zh": "静态布尔参数"
  },
  "Static Lod Parameter": {
    "en": "Static Lod Parameter",
    "zh": "静态LOD参数"
  },
  "Static Platform Switch Parameter": {
    "en": "Static Platform Switch Parameter",
    "zh": ""
  },
  "Static Switch Parameter": {
    "en": "Static Switch Parameter",
    "zh": "静态切换参数"
  },
  "Statistics": {
    "en": "Statistics",
    "zh": "统计"
  },
  "Step": {
    "en": "Step",
    "zh": "步骤"
  },
  "Subdivision": {
    "en": "Subdivision",
    "zh": "细分"
  },
  "Substitute Navigate Maps": {
    "en": "Substitute Navigate Maps",
    "zh": "替代寻路地图"
  },
  "Sun Light": {
    "en": "Sun Light",
    "zh": "日光"
  },
  "Tag": {
    "en": "Tag",
    "zh": "标签"
  },
  "Tangent": {
    "en": "Tangent",
    "zh": "正切"
  },
  "Terrain": {
    "en": "Terrain",
    "zh": "地形"
  },
  "Terrain Chunk": {
    "en": "Terrain Chunk",
    "zh": "地块"
  },
  "Tessellation": {
    "en": "Tessellation",
    "zh": "镶嵌"
  },
  "Texture": {
    "en": "Texture",
    "zh": "贴图"
  },
  "Texture Parameter": {
    "en": "Texture Parameter",
    "zh": "贴图参数"
  },
  "Texture Sample": {
    "en": "Texture Sample",
    "zh": "贴图采样"
  },
  "TextureCoordinate": {
    "en": "TextureCoordinate",
    "zh": "贴图坐标"
  },
  "Transform": {
    "en": "Transform",
    "zh": "位置"
  },
  "TSAA": {
    "en": "TSAA",
    "zh": "时间性抗锯齿 TSAA"
  },
  "UI": {
    "en": "UI",
    "zh": ""
  },
  "Usage": {
    "en": "Usage",
    "zh": "用法"
  },
  "Variation": {
    "en": "Variation",
    "zh": "变化"
  },
  "VBuffer": {
    "en": "VBuffer",
    "zh": ""
  },
  "Vector2 Parameter": {
    "en": "Vector2 Parameter",
    "zh": "二维向量参数"
  },
  "Vector3 Parameter": {
    "en": "Vector3 Parameter",
    "zh": "三维向量参数"
  },
  "Vector4 Parameter": {
    "en": "Vector4 Parameter",
    "zh": "四维向量参数"
  },
  "Vertex Color": {
    "en": "Vertex Color",
    "zh": "顶点颜色"
  },
  "Vertex Stream": {
    "en": "Vertex Stream",
    "zh": "顶点流"
  },
  "VertexConstraint": {
    "en": "VertexConstraint",
    "zh": "顶点约束"
  },
  "VisibilityCube": {
    "en": "VisibilityCube",
    "zh": "可见性包围盒"
  },
  "Volume": {
    "en": "Volume",
    "zh": "体积"
  },
  "VolumetricFog": {
    "en": "VolumetricFog",
    "zh": "体积云"
  }
}