<?xml version="1.0" encoding="utf-8"?>
<Dictionary>
	<Window>
		<ShowSettings>
			<en>Show Settings</en>
			<zh>编辑器设置</zh>
		</ShowSettings>
		<Minimize>
			<en>Minimize Window</en>
			<zh>最小化</zh>
		</Minimize>
		<Maximize>
			<en>Maximize Window</en>
			<zh>最大化</zh>
		</Maximize>
		<Restore>
			<en>Restore Window</en>
			<zh>恢复窗口</zh>
		</Restore>
		<EnterFullscreen>
			<en>Enter full screen</en>
			<zh>进入全屏</zh>
		</EnterFullscreen>
		<ExitFullscreen>
			<en>Exit full screen</en>
			<zh>退出全屏</zh>
		</ExitFullscreen>
		<Close>
			<en>Close</en>
			<zh>关闭</zh>
		</Close>
	</Window>
</Dictionary>